Código de Serviço;Descrição do Serviço (TI-IDEAL);Serviço Correspondente (Tabela IR Fonte);% IR Fonte;Fundamento Legal;Sujeito à Retenção de IR?
01.01.01;análise de sistemas;Informática - treinamento, consultoria, implantação e desenvolvimento de sistemas;1,50%;SC n° 75/2005 - 1° RF;SIM
01.01.02;desenvolvimento de sistemas;Informática - treinamento, consultoria, implantação e desenvolvimento de sistemas;1,50%;SC n° 75/2005 - 1° RF;SIM
01.01.04;geração de programa de computador sob encomenda;Informática - treinamento, consultoria, implantação e desenvolvimento de sistemas;1,50%;SC n° 75/2005 - 1° RF;SIM
01.02.01;programação;Programação;1,50%;art. 647 RIR/1999;SIM
01.03.08;processamento de dados, textos, imagens, vídeos, páginas eletrônicas, aplicativos ou sistemas de informação, entre outros formatos, e congêneres;Informática - treinamento, consultoria, implantação e desenvolvimento de sistemas;1,50%;SC n° 75/2005 - 1° RF;SIM
01.03.09;armazenamento ou hospedagem de dados, textos, imagens, vídeos, páginas eletrônicas, aplicativos ou sistemas de informação, entre outros formatos, e congêneres;Informática - treinamento, consultoria, implantação e desenvolvimento de sistemas;1,50%;SC n° 75/2005 - 1° RF;SIM
01.04.01;elaboração de programa de computadores;Informática - treinamento, consultoria, implantação e desenvolvimento de sistemas;1,50%;SC n° 75/2005 - 1° RF;SIM
01.04.03;elaboração de programa de computador sob encomenda, não derivado de software preexistente, cujo desenvolvimento se dê integralmente no Brasil e cujos direitos autorais permaneçam reservados ao contratante do serviço, desde que atendidos os demais requisitos previstos no art. 8° da Instrução Normativa SMF n° 16, de 02 de julho de 2012;Ensino;1,50%;art. 647 RIR/1999;SIM
01.05.01;licenciamento de uso de programa de computação;Informática - treinamento, consultoria, implantação e desenvolvimento de sistemas;1,50%;SC n° 75/2005 - 1° RF;SIM
01.05.02;cessão de direito de uso de programa de computação;Informática - treinamento, consultoria, implantação e desenvolvimento de sistemas;1,50%;SC n° 75/2005 - 1° RF;SIM
01.06.01;assessoria ou consultoria em informática;Informática - treinamento, consultoria, implantação e desenvolvimento de sistemas;1,50%;SC n° 75/2005 - 1° RF;SIM
01.07.01;suporte técnico em informática;Informática - treinamento, consultoria, implantação e desenvolvimento de sistemas;1,50%;SC n° 75/2005 - 1° RF;SIM
01.07.02;instalação e/ou configuração de programa de computação e/ou banco de dados;Informática - treinamento, consultoria, implantação e desenvolvimento de sistemas;1,50%;SC n° 75/2005 - 1° RF;SIM
01.07.03;manutenção de programa de computação e/ou banco de dados;Informática - treinamento, consultoria, implantação e desenvolvimento de sistemas;1,50%;SC n° 75/2005 - 1° RF;SIM
01.07.04;customização de programa de computador;Informática - treinamento, consultoria, implantação e desenvolvimento de sistemas;1,50%;SC n° 75/2005 - 1° RF;SIM
01.08.01;projeto de páginas eletrônicas;Informática - treinamento, consultoria, implantação e desenvolvimento de sistemas;1,50%;SC n° 75/2005 - 1° RF;SIM
01.08.02;confecção ou desenvolvimento de páginas eletrônicas;Informática - treinamento, consultoria, implantação e desenvolvimento de sistemas;1,50%;SC n° 75/2005 - 1° RF;SIM
01.08.03;manutenção e/ou atualização de páginas eletrônicas;Informática - treinamento, consultoria, implantação e desenvolvimento de sistemas;1,50%;SC n° 75/2005 - 1° RF;SIM
02.01.01;pesquisa e desenvolvimento (P&D);Pesquisa em geral;1,50%;art. 647 RIR/1999;SIM
02.01.02;pesquisa de mercado ou de opinião pública;Pesquisa em geral;1,50%;art. 647 RIR/1999;SIM
02.01.03;pesquisa de opinião pública;Pesquisa em geral;1,50%;art. 647 RIR/1999;SIM
02.01.04;pesquisa de mercado;Pesquisa em geral;1,50%;art. 647 RIR/1999;SIM
03.02.06;serviços prestados mediante locação, cessão de direito de uso e congêneres, não especificados em outros códigos, exceto locação de bens móveis pura e simples, nos termos da Instrução Normativa SMF N° 15, de 12/01/2012;Ensino;1,50%;art. 647 RIR/1999;SIM
04.01.01;medicina;Medicina (exceto ambulatório, banco de sangue, casa de saúde, casa de recuperação, hospital e pronto-socorro);1,50%;art. 647 RIR/1999;SIM
04.01.02;biomedicina;Biologia e biomedicina;1,50%;art. 647 RIR/1999;SIM
04.02.01;análises clínicas, patologia ou congênere;Análise clínica laboratorial;1,50%;art. 647 RIR/1999;SIM
04.02.03;radioterapia ou congênere;Radiologia e Radioterapia;1,50%;art. 647 RIR/1999;SIM
04.02.05;ultrassonografia, ressonância magnética, radiologia, tomografia ou congênere;Radiologia e Radioterapia;1,50%;art. 647 RIR/1999;SIM
04.05.01;acupuntura;Terapêutica ocupacional;1,50%;art. 647 RIR/1999;SIM
04.06.01;enfermagem;Medicina (exceto ambulatório, banco de sangue, casa de saúde, casa de recuperação, hospital e pronto-socorro);1,50%;art. 647 RIR/1999;SIM
04.06.02;enfermagem - serviços auxiliares;Medicina (exceto ambulatório, banco de sangue, casa de saúde, casa de recuperação, hospital e pronto-socorro);1,50%;art. 647 RIR/1999;SIM
04.08.01;terapia ocupacional;Terapêutica ocupacional;1,50%;art. 647 RIR/1999;SIM
04.08.02;fisioterapia;Fisioterapia;1,50%;art. 647 RIR/1999;SIM
04.08.03;fonoaudiologia;Fonoaudiologia;1,50%;art. 647 RIR/1999;SIM
04.10.01;nutrição;Nutricionismo e dietética;1,50%;art. 647 RIR/1999;SIM
04.12.01;odontologia;Odontologia;1,50%;art. 647 RIR/1999;SIM
04.14.01;confecção de próteses;Prótese;1,50%;art. 647 RIR/1999;SIM
04.15.01;psicanálise;Psicologia e Psicanálise;1,50%;art. 647 RIR/1999;SIM
04.16.01;psicologia;Psicologia e Psicanálise;1,50%;art. 647 RIR/1999;SIM
04.22.01;plano de medicina de grupo ou congênere;Medicina (exceto ambulatório, banco de sangue, casa de saúde, casa de recuperação, hospital e pronto-socorro);1,50%;art. 647 RIR/1999;SIM
04.22.02;plano de medicina individual ou congênere;Medicina (exceto ambulatório, banco de sangue, casa de saúde, casa de recuperação, hospital e pronto-socorro);1,50%;art. 647 RIR/1999;SIM
05.01.01;medicina veterinária;Medicina (exceto ambulatório, banco de sangue, casa de saúde, casa de recuperação, hospital e pronto-socorro);1,50%;art. 647 RIR/1999;SIM
05.01.02;zootecnia;Veterinária;1,50%;art. 647 RIR/1999;SIM
05.02.02;serviços prestados por clínica veterinária;Veterinária;1,50%;art. 647 RIR/1999;SIM
05.02.05;serviços prestados por unidade de atendimento não especificada, na área veterinária;Veterinária;1,50%;art. 647 RIR/1999;SIM
05.03.01;serviços de laboratórios de análise, na área veterinária;Veterinária;1,50%;art. 647 RIR/1999;SIM
05.04.01;inseminação artificial, fertilização in vitro ou congênere, na área veterinária;Veterinária;1,50%;art. 647 RIR/1999;SIM
05.09.01;plano de atendimento e assistência médico-veterinária;Veterinária;1,50%;art. 647 RIR/1999;SIM
07.01.01;engenharia;Engenharia;1,50%;art. 647 RIR/1999;SIM
07.01.02;agronomia;Engenharia;1,50%;art. 647 RIR/1999;SIM
07.01.03;agrimensura ou congênere;Elaboração de projetos;1,50%;art. 647 RIR/1999;SIM
07.01.04;arquitetura;Arquitetura;1,50%;art. 647 RIR/1999;SIM
07.01.05;geologia;Geologia;1,50%;art. 647 RIR/1999;SIM
07.01.06;urbanismo ou congênere;Urbanismo;1,50%;art. 647 RIR/1999;SIM
07.01.07;paisagismo ou congênere;Engenharia;1,50%;art. 647 RIR/1999;SIM
07.01.08;acompanhamento e fiscalização da execução de serviços de engenharia, arquitetura ou urbanismo;Arquitetura;1,50%;art. 647 RIR/1999;SIM
07.01.09;engenharia consultiva - acompanhamento e fiscalização da execução de serviços de engenharia, arquitetura e urbanismo (relacionados com obras de construção civil, hidráulicas, de escoramento ou de contenção de encostas);Arquitetura;1,50%;art. 647 RIR/1999;SIM
07.03.01;elaboração de planos diretores relacionados com serviços de engenharia não relacionados a obras de construção civil;Engenharia;1,50%;art. 647 RIR/1999;SIM
07.03.03;elaboração de estudos de viabilidade relacionados com serviços de engenharia não relacionados com obras de construção civil;Engenharia;1,50%;art. 647 RIR/1999;SIM
07.03.05;elaboração de estudos organizacionais e outros, relacionados com serviços de engenharia não relacionados com obras de construção civil;Engenharia;1,50%;art. 647 RIR/1999;SIM
07.03.07;elaboração de anteprojetos para trabalhos de engenharia não relacionados com obras de construção civil;Engenharia;1,50%;art. 647 RIR/1999;SIM
07.03.08;elaboração de projetos básicos para trabalhos de engenharia não relacionados com obras de construção civil;Engenharia;1,50%;art. 647 RIR/1999;SIM
07.03.09;elaboração de projetos executivos para trabalhos de engenharia não relacionados com obras de construção civil;Engenharia;1,50%;art. 647 RIR/1999;SIM
07.09.01;varrição de lixo, rejeitos ou outros resíduos quaisquer;Resíduos (coleta, operação de aterro sanitário e varrição de ruas);1,00%;SC n° 181/2001 - 9° RF/PR;SIM
07.09.02;coleta de resíduos lixo, rejeitos ou outros resíduos quaisquer;Resíduos Urbanos (coleta e disposição final);1,00%;SC n° 170/2006 - 9° RF/PR;SIM
07.09.03;remoção de lixo, rejeitos ou outros resíduos quaisquer;Resíduos Urbanos (coleta e disposição final);1,00%;SC n° 170/2006 - 9° RF/PR;SIM
07.09.06;reciclagem de lixo, rejeitos ou outros resíduos quaisquer;Resíduos Urbanos (coleta e disposição final);1,00%;SC n° 170/2006 - 9° RF/PR;SIM
07.09.08;destinação final de lixo, rejeitos ou outros resíduos quaisquer;Resíduos Urbanos (coleta e disposição final);1,00%;SC n° 170/2006 - 9° RF/PR;SIM
07.10.02;manutenção ou conservação de imóveis;Manutenção de imóveis;1,00%;IN RF n° 34/1989 e ADN CST n° 9/1990;SIM
07.10.07;limpeza de vias ou logradouros públicos;Limpeza e conservação de ruas e logradouros públicos;1,00%;ADI RF n° 4/2003;SIM
07.10.08;limpeza de imóveis;Limpeza e conservação de bens imóveis, exceto reformas e obras assemelhadas;1,00%;art. 649 RIR/1999;SIM
07.10.09;limpeza de chaminés;Limpeza e conservação de bens imóveis, exceto reformas e obras assemelhadas;1,00%;art. 649 RIR/1999;SIM
07.10.10;limpeza de piscinas;Limpeza e conservação de bens imóveis, exceto reformas e obras assemelhadas;1,00%;art. 649 RIR/1999;SIM
07.10.11;limpeza de parques;Limpeza e conservação de ruas e logradouros públicos;1,00%;ADI RF n° 4/2003;SIM
07.10.12;limpeza de jardins;Limpeza e conservação de bens imóveis, exceto reformas e obras assemelhadas;1,00%;art. 649 RIR/1999;SIM
07.19.01;acompanhamento e fiscalização da execução de obras de engenharia, arquitetura ou urbanismo;Arquitetura;1,50%;art. 647 RIR/1999;SIM
08.01.01;ensino pré-escolar;Ensino;1,50%;art. 647 RIR/1999;SIM
08.01.02;ensino fundamental;Ensino;1,50%;art. 647 RIR/1999;SIM
08.01.03;ensino médio;Ensino;1,50%;art. 647 RIR/1999;SIM
08.01.04;ensino superior;Ensino;1,50%;art. 647 RIR/1999;SIM
08.01.05;ensino regular à distância;Ensino;1,50%;art. 647 RIR/1999;SIM
08.02.01;instrução;Ensino;1,50%;art. 647 RIR/1999;SIM
08.02.02;treinamento;Treinamento;1,50%;art. 647 RIR/1999;SIM
08.02.06;ensino técnico;Ensino;1,50%;art. 647 RIR/1999;SIM
08.02.07;ensino tecnológico;Ensino;1,50%;art. 647 RIR/1999;SIM
08.02.08;ensino de música;Ensino;1,50%;art. 647 RIR/1999;SIM
08.02.09;ensino de artes;Ensino;1,50%;art. 647 RIR/1999;SIM
08.02.10;ensino de idiomas;Ensino;1,50%;art. 647 RIR/1999;SIM
08.02.15;instrução e treinamento à distância;Ensino;1,50%;art. 647 RIR/1999;SIM
08.02.16;ensino à distância - cursos livres;Ensino;1,50%;art. 647 RIR/1999;SIM
10.01.01;agenciamento, corretagem ou intermediação de câmbio;Comissões e corretagens ou qualquer outra remuneração pela representação comercial ou pela mediação na realização de negócios;1,50%;art. 651 RIR/1999;SIM
10.01.03;agenciamento, corretagem ou intermediação de cartões de crédito;Comissões e corretagens ou qualquer outra remuneração pela representação comercial ou pela mediação na realização de negócios;1,50%;art. 651 RIR/1999;SIM
10.01.04;agenciamento, corretagem ou intermediação de planos de saúde;Comissões e corretagens ou qualquer outra remuneração pela representação comercial ou pela mediação na realização de negócios;1,50%;art. 651 RIR/1999;SIM
10.01.05;agenciamento, corretagem ou intermediação de planos de previdência privada;Comissões e corretagens ou qualquer outra remuneração pela representação comercial ou pela mediação na realização de negócios;1,50%;art. 651 RIR/1999;SIM
10.01.06;agenciamento, corretagem ou intermediação, quando relativos a seguros;Comissões e corretagens ou qualquer outra remuneração pela representação comercial ou pela mediação na realização de negócios;1,50%;art. 651 RIR/1999;SIM
10.01.07;agenciamento, corretagem ou intermediação, quando relativos a resseguros;Comissões e corretagens ou qualquer outra remuneração pela representação comercial ou pela mediação na realização de negócios;1,50%;art. 651 RIR/1999;SIM
10.02.01;agenciamento, corretagem ou intermediação de títulos em geral ou valores mobiliários;Comissões e corretagens ou qualquer outra remuneração pela representação comercial ou pela mediação na realização de negócios;1,50%;art. 651 RIR/1999;SIM
10.02.03;agenciamento, corretagem ou intermediação de contratos quaisquer;Comissões e corretagens ou qualquer outra remuneração pela representação comercial ou pela mediação na realização de negócios;1,50%;art. 651 RIR/1999;SIM
10.03.01;agenciamento, corretagem ou intermediação de direitos de propriedade industrial;Comissões e corretagens ou qualquer outra remuneração pela representação comercial ou pela mediação na realização de negócios;1,50%;art. 651 RIR/1999;SIM
10.03.02;agenciamento, corretagem ou intermediação de direitos de propriedade artística;Comissões e corretagens ou qualquer outra remuneração pela representação comercial ou pela mediação na realização de negócios;1,50%;art. 651 RIR/1999;SIM
10.03.03;agenciamento, corretagem ou intermediação de direitos de propriedade literária;Comissões e corretagens ou qualquer outra remuneração pela representação comercial ou pela mediação na realização de negócios;1,50%;art. 651 RIR/1999;SIM
10.04.01;agenciamento, corretagem ou intermediação de contratos de arrendamento mercantil (leasing);Comissões e corretagens ou qualquer outra remuneração pela representação comercial ou pela mediação na realização de negócios;1,50%;art. 651 RIR/1999;SIM
10.04.03;agenciamento, corretagem ou intermediação de contratos de faturização (factoring);Comissões e corretagens ou qualquer outra remuneração pela representação comercial ou pela mediação na realização de negócios;1,50%;art. 651 RIR/1999;SIM
10.05.01;agenciamento, corretagem ou intermediação de contratos em mercado de mercadorias e futuros;Comissões e corretagens ou qualquer outra remuneração pela representação comercial ou pela mediação na realização de negócios;1,50%;art. 651 RIR/1999;SIM
10.05.02;agenciamento, corretagem ou intermediação de bens móveis;Comissões e corretagens ou qualquer outra remuneração pela representação comercial ou pela mediação na realização de negócios;1,50%;art. 651 RIR/1999;SIM
10.05.03;agenciamento, corretagem ou intermediação de bens imóveis;Comissões e corretagens ou qualquer outra remuneração pela representação comercial ou pela mediação na realização de negócios;1,50%;art. 651 RIR/1999;SIM
10.05.08;intermediação para licenciamento ou cessão do direito de uso de programa de computador;Informática - treinamento, consultoria, implantação e desenvolvimento de sistemas;1,50%;SC n° 75/2005 - 1° RF;SIM
10.09.01;representação comercial;Comissões e corretagens ou qualquer outra remuneração pela representação comercial ou pela mediação na realização de negócios;1,50%;art. 651 RIR/1999;SIM
11.01.01;guarda e estacionamento de veículos terrestres automotores;Vigilância e/ou Segurança;1,00%;art. 649 RIR/1999;SIM
11.01.02;guarda e estacionamento de aeronaves;Vigilância e/ou Segurança;1,00%;art. 649 RIR/1999;SIM
11.01.03;guarda e estacionamento de embarcações;Vigilância e/ou Segurança;1,00%;art. 649 RIR/1999;SIM
11.02.03;vigilância, segurança ou monitoramento de bens, pessoas ou semoventes;Vigilância e/ou Segurança;1,00%;art. 649 RIR/1999;SIM
11.03.01;escolta;Vigilância e/ou Segurança;1,00%;art. 649 RIR/1999;SIM
11.05.01;serviços relacionados ao monitoramento e rastreamento a distância, em qualquer via ou local, de veículos, cargas, pessoas e semoventes em circulação ou movimento;Monitoramento de veículos à distância (segurança);1,00%;SC n° 199/2004 - 8° RF/SP;SIM
12.17.02;animação de festas;Organização, promoção e apresentação de festas e eventos sociais;1,50%;Decisão n° 6/2000 - 6° RF/MG;SIM
14.01.51;manutenção de computadores;Informática - treinamento, consultoria, implantação e desenvolvimento de sistemas;1,50%;SC n° 75/2005 - 1° RF;SIM
15.18.02;avaliação e vistoria de imóvel ou obra;Avaliação e Perícia;1,50%;art. 647 RIR/1999;SIM
17.01.01;assessoria ou consultoria de qualquer natureza, não especificada;Consultoria;1,50%;art. 647 RIR/1999;SIM
17.02.08;tradução;Tradução ou interpretação comercial;1,50%;art. 647 RIR/1999;SIM
17.03.01;planejamento técnico ou congênere;Planejamento;1,50%;art. 647 RIR/1999;SIM
17.03.02;planejamento financeiro ou congênere;Planejamento;1,50%;art. 647 RIR/1999;SIM
17.03.03;planejamento administrativo ou congênere;Planejamento;1,50%;art. 647 RIR/1999;SIM
17.03.07;programação técnica ou congênere;Programação;1,50%;art. 647 RIR/1999;SIM
17.03.08;programação financeira ou congênere;Programação;1,50%;art. 647 RIR/1999;SIM
17.03.09;programação administrativa ou congênere;Programação;1,50%;art. 647 RIR/1999;SIM
17.04.03;colocação de mão-de-obra;Locação de mão de obra (empregados colocados à disposição da locatária);1,00%;IN RF n° 34/1989;SIM
17.05.01;fornecimento de mão-de-obra;Cessão de mão de obra ou empreitada de mão de obra;1,00%;SC n° 66/2005 - 1° RF/DF;SIM
17.05.02;fornecimento de mão-de-obra temporária;Cessão de mão de obra ou empreitada de mão de obra;1,00%;SC n° 66/2005 - 1° RF/DF;SIM
17.06.01;propaganda e publicidade;Propaganda e Publicidade;Auto-recolhimento;IN RF n° 123/1992 art. 651 do RIR/1999;Auto-recolhimento (não retido pelo tomador)
17.06.02;propaganda e publicidade - serviços concernentes à concepção, redação e produção de propaganda e publicidade, inclusive divulgação de material publicitário;Propaganda e Publicidade;Auto-recolhimento;IN RF n° 123/1992 art. 651 do RIR/1999;Auto-recolhimento (não retido pelo tomador)
17.06.04;planejamento de campanhas ou sistemas de publicidade;Planejamento;1,50%;art. 647 RIR/1999;SIM
17.06.06;pesquisa de mercado;Pesquisa em geral;1,50%;art. 647 RIR/1999;SIM
17.06.07;relações públicas;Relações Públicas;1,50%;art. 647 RIR/1999;SIM
17.09.01;perícia;Avaliação e Perícia;1,50%;art. 647 RIR/1999;SIM
17.09.03;exames técnicos;Análises técnicas;1,50%;art. 647 RIR/1999;SIM
17.09.04;análise técnica;Análises técnicas;1,50%;art. 647 RIR/1999;SIM
17.10.01;planejamento de feira ou congênere;Planejamento;1,50%;art. 647 RIR/1999;SIM
17.11.01;organização de festas;Organização, promoção e apresentação de festas e eventos sociais;1,50%;Decisão n° 6/2000 - 6° RF/MG;SIM
17.11.02;organização de recepções;Organização, promoção e apresentação de festas e eventos sociais;1,50%;Decisão n° 6/2000 - 6° RF/MG;SIM
17.13.01;leilão ou congênere;Leilão;1,50%;art. 647 RIR/1999;SIM
17.14.01;advocacia;Advocacia;1,50%;art. 647 RIR/1999;SIM
17.16.01;auditoria;Auditoria;1,50%;art. 647 RIR/1999;SIM
17.16.02;auditoria de projetos de créditos de carbono;Auditoria;1,50%;art. 647 RIR/1999;SIM
17.16.04;auditoria de inventários de emissões de gases de efeito estufa;Auditoria;1,50%;art. 647 RIR/1999;SIM
17.18.01;atuária;Cálculo em geral;1,50%;art. 647 RIR/1999;SIM
17.18.02;cálculos técnicos;Cálculo em geral;1,50%;art. 647 RIR/1999;SIM
17.19.01;contabilidade, inclusive serviços técnicos e auxiliares;Contabilidade;1,50%;art. 647 RIR/1999;SIM
17.20.01;consultoria e assessoria econômica ou financeira;Consultoria Técnica;1,50%;art. 647 RIR/1999;SIM
17.21.01;estatística;Estatística;1,50%;art. 647 RIR/1999;SIM
17.23.01;assessoria, análise, avaliação, atendimento, consulta, cadastro, seleção, gerenciamento de informações, administração de contas a receber ou a pagar, relacionadas a operações de faturização (factoring);Factoring;1,50%;Lei n° 10.833/2003, arts. 29 e 93;SIM
17.25.01;inserção de textos, desenhos ou outros materiais de propaganda e publicidade, em qualquer meio;Propaganda e Publicidade;Auto-recolhimento;IN RF n° 123/1992 art. 651 do RIR/1999;Auto-recolhimento (não retido pelo tomador)
17.25.02;veiculação de publicidade na internet, contratada por pessoa jurídica;Propaganda e Publicidade;Auto-recolhimento;IN RF n° 123/1992 art. 651 do RIR/1999;Auto-recolhimento (não retido pelo tomador)
17.25.03;veiculação de publicidade na internet, contratada por pessoa natural;Propaganda e Publicidade;Auto-recolhimento;IN RF n° 123/1992 art. 651 do RIR/1999;Auto-recolhimento (não retido pelo tomador)
20.01.20;escolta de embarcações;Vigilância e/ou Segurança;1,00%;art. 649 RIR/1999;SIM
23.01.01;serviços de programação visual, comunicação visual ou congêneres;Programação;1,50%;art. 647 RIR/1999;SIM
27.01.01;serviços de assistência social;Assistência social;1,50%;art. 647 RIR/1999;SIM
28.01.01;avaliação de bens de qualquer natureza;Avaliação e Perícia;1,50%;art. 647 RIR/1999;SIM
28.01.02;avaliação de serviços de qualquer natureza;Avaliação e Perícia;1,50%;art. 647 RIR/1999;SIM
28.01.03;avaliação de imóveis;Avaliação e Perícia;1,50%;art. 647 RIR/1999;SIM
29.01.01;serviços de biblioteconomia;Economia;1,50%;art. 647 RIR/1999;SIM
30.01.01;serviços de biologia;Biologia e biomedicina;1,50%;art. 647 RIR/1999;SIM
30.01.03;serviços de química;Química;1,50%;art. 647 RIR/1999;SIM
32.01.01;serviços de desenhos técnicos;Desenho técnico;1,50%;art. 647 RIR/1999;SIM
33.01.01;desembaraço aduaneiro;Despachante;1,50%;art. 647 RIR/1999;SIM
33.01.02;comissário aduaneiro;Despachante;1,50%;art. 647 RIR/1999;SIM
33.01.03;despachante aduaneiro;Despachante;1,50%;art. 647 RIR/1999;SIM
33.01.04;serviços de despachantes e congêneres;Despachante;1,50%;art. 647 RIR/1999;SIM
35.01.04;relações públicas;Relações Públicas;1,50%;art. 647 RIR/1999;SIM
35.01.05;assessoria de relações públicas;Relações Públicas;1,50%;art. 647 RIR/1999;SIM
